Elevation,Aspect,Slope,Horizontal_Distance_To_Hydrology,Vertical_Distance_To_Hydrology,Horizontal_Distance_To_Roadways,Hillshade_9am,Hillshade_Noon,Hillshade_3pm,Horizontal_Distance_To_Fire_Points,Wilderness_Area,Soil_Type,Cover_Type
3048,294,11,335,-20,1947,189,237,189,2192,WA3,ST31,2
3321,122,12,488,74,1337,241,230,117,2249,WA3,ST32,1
2006,53,12,0,0,255,227,215,120,366,WA4,ST17,4
2813,85,29,210,141,1383,246,176,38,949,WA3,ST13,5
3015,63,2,0,0,3031,221,234,150,2270,WA3,ST23,1
2996,168,6,124,20,1050,225,242,152,1248,WA3,ST32,1
2599,62,11,42,1,1530,230,216,118,1978,WA3,ST10,2
3084,23,13,450,17,2471,212,211,134,1195,WA3,ST23,1
2584,115,19,42,-7,1935,249,218,89,1986,WA3,ST4,3
2821,350,12,0,0,4370,198,220,160,4961,WA1,ST16,2
2920,241,8,42,4,2145,204,247,181,1621,WA3,ST23,2
2641,353,16,201,58,1209,190,210,156,994,WA1,ST29,2
2369,65,16,30,10,1082,234,206,99,1184,WA4,ST6,3
3071,73,11,319,36,30,233,218,115,849,WA1,ST22,2
2643,56,14,457,14,3089,228,208,110,2938,WA3,ST10,1
2548,97,6,255,9,1159,230,231,135,4877,WA1,ST18,2
3284,38,11,85,-4,2021,220,216,129,1959,WA2,ST23,2
3191,60,5,418,78,3566,224,229,140,3369,WA1,ST29,2
3070,90,8,150,23,3034,232,228,129,5998,WA1,ST29,1
3314,71,21,361,87,1684,238,194,77,2801,WA1,ST39,1
3265,153,17,659,77,1504,238,239,125,2377,WA1,ST38,1
3113,335,16,618,13,3789,181,216,173,3529,WA1,ST29,1
2760,97,18,85,13,2069,246,211,87,2804,WA1,ST30,2
3241,90,9,0,0,1468,233,227,125,2764,WA1,ST22,1
2326,349,10,60,6,1531,202,224,160,540,WA4,ST10,6
2883,289,20,108,33,3800,160,233,212,5954,WA1,ST29,2
3186,94,14,134,17,1292,241,219,105,1248,WA1,ST29,7
2569,350,11,150,41,816,200,221,160,1276,WA3,ST11,5
3038,324,8,162,16,2051,199,231,172,1260,WA3,ST22,1
2959,172,2,30,0,1233,220,239,156,2131,WA1,ST23,2
3220,39,12,543,102,3013,220,213,126,808,WA3,ST33,1
3038,122,23,210,13,2483,252,214,77,1652,WA3,ST27,1
3360,292,11,841,185,4501,188,238,189,2695,WA3,ST38,1
2908,305,20,335,53,930,160,224,203,1937,WA3,ST13,1
2963,225,2,443,43,5254,216,241,162,1964,WA1,ST29,2
2929,17,19,283,12,631,200,196,128,162,WA3,ST33,2
2728,310,20,0,0,2227,161,222,199,335,WA3,ST23,1
3193,350,21,481,118,3828,178,200,158,1785,WA3,ST39,1
2535,84,7,450,9,768,231,227,129,3676,WA1,ST18,2
3102,230,15,124,-2,1075,195,253,192,1578,WA1,ST29,2
3330,335,13,268,3,5074,189,221,171,3241,WA3,ST38,7
2937,114,8,0,0,531,235,232,129,2343,WA3,ST10,2
2237,82,30,256,175,150,245,173,36,309,WA4,ST2,3
2609,347,5,30,-2,771,210,231,160,1667,WA1,ST20,2
2954,36,9,127,26,2848,220,221,136,1290,WA3,ST33,1
3240,131,15,421,102,755,243,231,114,2215,WA1,ST22,2
3333,86,12,268,18,1865,237,221,113,2789,WA1,ST39,7
3190,302,15,805,-12,1436,176,232,195,1262,WA3,ST31,1
3325,221,10,666,98,3762,208,250,178,2357,WA1,ST23,1
3180,36,13,190,64,1260,219,211,126,1084,WA3,ST22,1
2867,94,16,201,35,3074,244,214,95,4335,WA1,ST12,2
2220,196,12,108,36,277,217,250,165,366,WA4,ST2,3
3222,45,37,430,109,864,203,136,0,1746,WA1,ST30,1
2810,50,11,376,9,1848,225,217,125,2658,WA1,ST12,2
2995,135,6,430,13,5112,230,237,141,5372,WA1,ST12,2
3275,43,8,277,-8,1422,222,223,136,3162,WA2,ST23,2
3141,190,20,509,130,1974,215,251,160,2017,WA3,ST33,2
3202,318,7,108,-11,3221,202,234,171,1390,WA1,ST29,1
3225,17,17,558,149,636,204,203,132,1928,WA3,ST33,2
2772,6,13,659,73,240,203,214,147,904,WA3,ST11,2
3198,33,14,95,8,1235,216,208,124,1426,WA1,ST29,1
3278,214,2,457,120,5221,217,240,160,1733,WA1,ST29,1
2515,215,13,182,55,932,207,252,179,706,WA4,ST6,2
2606,110,27,277,49,2045,254,198,52,750,WA3,ST4,3
2791,236,16,67,18,2167,191,252,197,895,WA3,ST31,2
2972,122,12,162,18,1692,240,230,118,2340,WA3,ST32,2
3294,318,7,255,39,5662,202,234,172,743,WA1,ST38,1
2261,205,22,192,81,1129,201,254,178,1176,WA4,ST3,4
3148,71,13,938,-75,949,234,214,110,1676,WA1,ST29,2
2883,70,7,210,2,2032,228,226,132,2822,WA3,ST26,2
3333,72,9,446,72,900,231,223,125,1277,WA3,ST39,7
3428,285,11,1032,178,1275,188,240,192,1833,WA3,ST40,1
3483,123,16,0,0,1782,245,226,105,1879,WA2,ST39,7
3496,288,24,277,145,3454,146,230,220,1282,WA1,ST40,1
3044,90,15,390,120,4345,242,215,99,2252,WA1,ST29,2
2890,359,13,85,9,624,200,216,153,1678,WA3,ST24,2
2949,48,7,382,44,3515,223,225,137,1682,WA1,ST23,2
2890,290,8,95,7,4285,198,239,181,5999,WA1,ST20,2
3008,165,7,552,92,5672,226,242,150,3346,WA1,ST29,2
3111,176,17,120,-17,2382,226,247,146,3445,WA1,ST22,1
3088,11,6,0,0,5115,214,228,151,745,WA1,ST23,1
3001,162,18,108,-1,558,235,241,130,1731,WA1,ST30,2
2869,285,13,108,-14,1566,183,240,196,1475,WA3,ST32,2
3244,64,21,108,25,2521,234,194,82,408,WA3,ST39,7
2782,137,16,67,18,3151,243,233,114,5001,WA1,ST29,2
2332,316,18,150,51,1489,170,222,191,663,WA4,ST10,6
2894,211,11,60,-9,4335,211,251,175,3941,WA1,ST30,1
3027,62,11,210,36,5554,230,216,118,4805,WA1,ST29,1
2998,76,9,85,7,6170,231,224,126,3254,WA1,ST29,2
2978,30,19,182,32,1194,211,196,116,2343,WA1,ST29,1
2946,349,12,60,5,4747,197,219,160,4120,WA1,ST29,1
3204,191,15,30,7,888,218,250,162,2041,WA2,ST23,1
2584,31,12,0,0,1095,216,213,130,1697,WA3,ST11,2
3290,73,11,67,4,1293,233,220,118,1288,WA3,ST31,1
2587,21,19,300,87,1926,204,196,124,752,WA3,ST10,6
3142,171,14,182,10,2393,229,246,145,864,WA3,ST32,2
2741,117,26,85,36,1291,254,205,62,2226,WA1,ST29,2
2274,119,17,192,91,1298,247,223,99,1008,WA4,ST3,4
2988,46,13,342,21,4732,224,211,119,1549,WA1,ST19,1
2772,32,13,573,81,335,216,210,127,1026,WA3,ST11,2
3162,257,10,582,71,959,196,246,189,997,WA3,ST23,2
3070,151,12,446,69,1504,236,240,132,671,WA3,ST13,2
3103,17,15,424,12,2814,207,208,135,2821,WA3,ST31,2
2953,305,25,815,196,939,142,217,211,2503,WA3,ST32,2
2967,90,17,175,25,1677,244,210,90,1473,WA3,ST31,1
2937,304,3,362,-38,1245,210,238,166,391,WA3,ST32,2
3008,30,9,350,30,5247,218,220,137,6156,WA1,ST12,2
3101,18,12,67,6,1732,211,215,139,2317,WA1,ST29,2
2889,186,19,42,7,1020,220,250,156,1852,WA3,ST33,2
3256,101,7,277,4,6329,233,230,130,484,WA1,ST22,1
2854,45,11,242,51,2609,223,216,126,1657,WA1,ST29,2
3387,68,10,218,38,3061,231,220,121,1523,WA3,ST38,7
2982,47,28,313,77,2040,217,167,68,1853,WA3,ST33,2
2824,83,12,182,56,1784,237,218,110,1790,WA3,ST33,5
3047,243,14,765,48,5644,192,250,195,3237,WA1,ST29,2
3175,45,6,541,33,2952,222,226,139,4805,WA1,ST29,1
2825,170,9,162,24,2695,227,244,149,2505,WA1,ST12,2
3270,322,13,201,33,4873,187,227,179,2884,WA3,ST32,1
2660,12,21,306,71,1383,193,192,130,2791,WA3,ST10,2
3149,58,9,242,87,4076,227,221,128,730,WA1,ST29,2
2938,131,22,361,111,1061,249,222,88,484,WA1,ST30,1
2449,43,20,67,14,691,219,191,98,408,WA4,ST6,3
2323,23,23,150,60,1170,201,185,112,792,WA4,ST5,6
3312,335,17,797,94,3564,179,215,173,1237,WA3,ST39,1
2948,346,4,67,9,2112,212,233,159,2028,WA1,ST29,2
3286,12,10,283,53,3030,210,220,146,2301,WA1,ST29,1
3131,94,13,180,18,780,240,220,107,1718,WA1,ST29,1
2814,287,5,108,20,2093,206,240,172,2938,WA1,ST30,1
2771,146,15,90,19,1600,239,237,123,2352,WA3,ST13,2
2779,80,13,379,24,1591,237,215,107,484,WA3,ST31,2
2876,86,13,242,23,2897,238,218,108,2656,WA1,ST12,2
3091,260,13,484,61,2949,188,247,197,644,WA3,ST32,1
2916,128,11,216,23,2080,238,233,125,874,WA3,ST32,2
2987,153,23,738,321,2395,240,234,110,1718,WA3,ST4,7
3093,315,2,589,39,2687,213,237,162,1953,WA3,ST32,2
3164,230,12,618,79,285,202,251,185,2787,WA3,ST31,2
2905,67,2,558,50,3827,221,235,151,3263,WA1,ST12,2
3118,343,13,277,90,2529,194,220,165,2877,WA1,ST29,1
2514,112,19,162,42,553,249,216,86,277,WA4,ST10,2
2863,357,20,134,31,895,184,199,149,1924,WA3,ST24,2
3077,175,6,201,21,2907,223,243,154,1645,WA3,ST32,2
2590,22,17,175,31,421,207,201,126,1050,WA3,ST10,3
2359,335,28,108,50,216,146,190,176,108,WA4,ST10,3
3128,11,14,330,50,2701,204,211,142,1087,WA3,ST24,1
2874,101,16,212,38,2474,245,217,97,2197,WA1,ST29,2
2551,93,19,120,10,722,246,207,82,942,WA1,ST9,2
2444,11,12,127,26,810,207,215,144,1209,WA4,ST10,3
3383,167,13,660,177,1661,230,244,144,1561,WA3,ST32,1
3022,116,15,108,29,5049,245,224,104,3379,WA1,ST29,1
2692,47,17,309,92,1128,224,201,106,2461,WA1,ST30,2
3178,30,9,361,65,3675,218,220,138,3349,WA1,ST29,1
3393,180,7,95,-3,2589,223,244,156,362,WA3,ST38,7
2750,120,20,124,-1,474,250,218,87,342,WA1,ST30,5
2786,152,33,162,88,1449,239,220,82,1682,WA3,ST13,2
3198,270,11,323,50,426,192,244,192,703,WA2,ST32,1
2883,149,3,212,30,2721,223,239,151,2377,WA1,ST12,1
3108,197,12,124,3,1988,217,250,166,569,WA1,ST22,1
3043,99,7,503,71,2525,233,230,130,2313,WA3,ST23,1
3026,24,24,210,78,1771,199,180,107,3664,WA1,ST29,1
2988,51,14,612,107,1729,226,210,115,2958,WA3,ST33,2
2572,157,2,190,-13,277,221,239,154,1342,WA1,ST9,2
2906,20,12,865,79,2333,212,215,139,1006,WA3,ST11,2
3268,329,11,134,42,1458,194,227,173,577,WA1,ST38,1
3206,221,10,150,7,212,207,250,178,1320,WA2,ST23,1
2757,131,9,0,0,2097,236,235,130,2992,WA1,ST20,2
2978,308,9,42,5,335,196,235,178,182,WA2,ST22,1
2982,209,6,395,0,4569,216,246,166,4968,WA1,ST12,2
3108,263,23,376,52,5833,158,244,221,1873,WA1,ST30,2
3026,338,12,0,0,2499,194,223,168,933,WA3,ST22,1
3039,62,9,60,5,4764,228,221,125,2083,WA1,ST29,2
2917,56,5,569,-10,816,224,228,140,2308,WA1,ST12,2
3043,15,5,446,23,4417,216,230,152,1320,WA1,ST29,2
2932,349,14,85,22,4308,193,215,161,4171,WA1,ST29,2
3210,195,27,180,35,3154,204,250,164,3234,WA1,ST22,1
3220,295,13,558,125,5253,182,236,194,2016,WA1,ST22,1
3159,184,13,150,21,3221,223,249,156,1357,WA3,ST32,2
3123,270,9,212,-5,1292,195,244,187,1822,WA3,ST32,2
2472,297,12,424,219,830,186,236,190,457,WA4,ST2,6
3049,208,20,95,29,3218,202,254,180,1312,WA3,ST33,2
2668,45,15,242,51,2329,223,207,115,2281,WA3,ST10,6
2941,143,19,150,20,2393,243,233,110,2754,WA3,ST33,2
2803,135,16,85,19,2245,244,231,112,1465,WA1,ST30,2
2542,336,27,242,24,892,149,192,175,1742,WA3,ST10,2
3286,234,10,390,63,3030,203,249,183,3060,WA3,ST32,2
2949,56,19,175,25,4607,228,195,92,1982,WA1,ST29,2
3266,275,8,711,158,6126,198,242,184,2700,WA1,ST29,2
2938,110,22,60,19,5618,251,211,77,1341,WA1,ST30,2
3223,6,18,366,86,1114,195,203,142,5131,WA2,ST22,1
3056,69,19,390,135,2781,237,199,87,2563,WA3,ST31,2
3193,45,4,534,-20,541,221,231,146,2258,WA3,ST23,2
2999,312,6,90,1,2372,203,235,172,930,WA3,ST22,2
3311,180,18,433,72,4517,224,248,150,2481,WA3,ST33,1
2774,29,14,30,-4,4169,214,208,126,5327,WA1,ST30,2
3150,143,5,342,24,404,227,239,146,5603,WA2,ST23,1
3025,23,22,228,65,2403,202,189,116,1290,WA3,ST24,1
3179,174,11,1195,95,3075,227,246,150,2295,WA3,ST33,2
2475,271,11,420,222,815,191,244,192,376,WA4,ST2,6
3376,195,17,277,31,2397,214,252,165,3453,WA2,ST32,1
2996,169,8,120,6,2067,227,244,149,4005,WA1,ST23,1
2908,43,11,60,-1,4338,222,215,126,3012,WA1,ST23,2
2778,37,15,108,5,1570,219,206,119,1637,WA1,ST12,2
2910,48,13,201,-17,713,224,211,119,2168,WA1,ST29,2
3206,262,12,201,17,1064,190,246,195,1302,WA2,ST24,1
2835,17,27,268,90,1116,188,173,111,1144,WA3,ST33,1
2941,38,13,503,147,1187,219,211,124,2676,WA3,ST32,2
3311,184,14,671,109,2818,223,249,156,1168,WA3,ST33,1
3176,327,18,258,54,3365,172,216,182,1682,WA3,ST31,2
2834,124,34,85,33,4948,253,194,39,4635,WA1,ST30,2
2598,88,7,42,-2,1584,231,229,131,1080,WA3,ST2,3
3102,160,21,1082,191,3211,236,239,123,1610,WA3,ST33,2
3244,131,31,95,41,2387,252,206,57,3132,WA1,ST29,2
3047,61,11,277,3,3486,229,217,120,2825,WA1,ST30,1
3052,92,15,454,85,4966,242,216,99,1451,WA1,ST29,1
2523,55,26,85,19,1813,225,174,66,576,WA3,ST10,6
3179,76,7,30,-3,2419,229,227,131,1438,WA3,ST23,1
2790,36,18,382,24,1883,216,199,112,942,WA3,ST11,2
3168,58,7,1230,299,2936,226,225,133,1790,WA3,ST32,2
2396,200,6,127,5,0,218,245,163,124,WA3,ST2,6
2923,124,3,319,36,1598,225,237,146,1261,WA3,ST32,2
3008,119,7,458,43,5310,233,234,133,5649,WA1,ST12,2
3085,90,6,1292,287,3167,230,230,134,1190,WA3,ST32,2
3514,1,12,467,147,1396,202,216,151,1848,WA2,ST40,7
2993,310,8,120,19,735,197,234,177,2714,WA1,ST29,2
3162,175,18,240,20,3234,227,247,144,787,WA3,ST33,2
2952,70,11,330,39,4568,232,218,117,4070,WA1,ST29,2
2946,135,13,0,0,1514,240,234,121,283,WA3,ST32,1
3087,252,2,30,3,5166,214,240,164,984,WA1,ST29,1
2824,74,18,30,11,872,239,202,88,2071,WA3,ST33,2
2939,27,6,510,42,4052,217,226,145,5544,WA1,ST29,2
2315,319,19,120,27,201,169,220,189,892,WA4,ST10,2
3213,22,12,607,96,1019,212,214,137,2184,WA3,ST22,1
2369,136,29,408,26,488,250,215,72,811,WA4,ST3,3
2954,285,5,0,0,1682,205,240,174,1492,WA3,ST19,5
3149,182,19,497,82,2620,222,249,151,3131,WA3,ST33,2
2821,0,10,300,57,1702,205,221,153,1326,WA3,ST11,2
3168,33,11,626,26,3320,218,215,132,3852,WA1,ST29,1
3235,155,11,301,5,4402,233,241,139,960,WA1,ST29,2
3308,131,25,785,-39,1318,251,217,79,2571,WA1,ST39,1
3267,172,13,277,35,4534,228,246,147,2506,WA3,ST33,1
3127,62,6,300,31,5330,225,228,138,691,WA1,ST29,1
2984,30,23,402,44,4507,206,183,103,908,WA1,ST29,2
3031,168,15,150,27,6384,230,245,142,3309,WA1,ST29,2
3378,131,18,212,49,955,246,227,102,4039,WA2,ST38,2
2238,355,17,42,5,1485,189,207,154,361,WA4,ST10,6
2895,68,9,484,97,3115,230,221,124,470,WA3,ST33,2
3049,55,15,306,82,890,228,207,109,767,WA1,ST29,1
3051,335,21,595,34,1747,167,206,175,830,WA3,ST31,2
2770,8,9,297,22,1681,210,223,150,1945,WA1,ST12,1
2841,24,9,124,13,949,215,220,141,2538,WA3,ST17,1
2515,341,9,30,0,1419,201,226,165,1639,WA3,ST10,6
2998,205,17,696,96,2910,207,253,176,2007,WA3,ST33,2
3279,155,13,150,43,3828,235,241,135,3951,WA1,ST38,7
2993,261,9,134,15,5740,199,245,185,1999,WA1,ST22,1
3083,112,8,192,33,3697,234,232,130,2881,WA1,ST29,2
2451,225,12,485,181,977,203,251,184,543,WA4,ST2,6
2986,173,8,90,2,1959,225,244,152,3896,WA1,ST23,1
3160,334,15,212,35,3362,185,219,173,1652,WA3,ST31,2
2729,12,7,162,21,1065,213,226,150,2287,WA1,ST29,2
2782,141,17,67,19,3305,243,233,114,3132,WA1,ST30,1
2612,118,5,0,0,659,228,236,142,5991,WA1,ST29,2
2949,62,23,162,55,5548,232,185,73,1242,WA1,ST30,2
3136,97,21,30,-2,1290,249,205,74,819,WA3,ST22,7
2667,37,9,371,24,1345,220,220,135,5821,WA1,ST29,2
2868,40,14,242,16,391,220,208,119,1782,WA3,ST32,1
2820,64,12,134,28,2364,231,215,115,3211,WA1,ST29,2
2056,343,24,497,73,595,164,196,166,446,WA4,ST5,3
3284,214,3,210,27,6035,216,243,163,402,WA1,ST22,1
3440,119,12,540,155,2125,240,229,117,1499,WA1,ST40,1
2955,349,2,192,9,1392,215,235,158,323,WA3,ST32,2
3396,322,12,1061,197,1110,190,228,178,702,WA2,ST23,1
2939,78,10,90,-12,1271,233,222,120,2260,WA1,ST23,2
3297,4,12,543,22,2387,204,216,149,904,WA3,ST22,1
3282,24,21,192,75,1998,203,190,116,2148,WA3,ST33,1
2839,254,7,0,0,2594,204,245,179,2451,WA3,ST22,1
3063,253,10,658,371,2340,198,247,187,1397,WA3,ST23,2
2959,333,22,360,127,360,163,206,179,1177,WA1,ST30,2
3041,188,15,301,51,1869,220,250,159,3807,WA1,ST23,1
2995,74,12,216,21,2290,234,217,114,2607,WA3,ST32,2
3073,36,12,300,39,6655,219,213,128,3320,WA1,ST29,2
2628,333,11,0,0,2462,195,226,170,1172,WA3,ST20,2
2968,142,11,150,16,4519,236,238,131,5341,WA1,ST12,2
3228,42,11,210,16,1087,222,215,127,2315,WA1,ST23,1
2850,25,10,268,23,3746,215,219,140,6401,WA1,ST20,2
2930,23,22,342,59,2793,202,188,115,900,WA3,ST33,2
3173,33,12,633,46,2262,218,214,131,3270,WA3,ST31,1
2768,114,5,360,9,1786,228,235,141,769,WA1,ST12,2
2919,357,10,450,33,3153,204,221,155,3697,WA1,ST30,2
2883,141,9,90,13,4216,234,238,134,5939,WA1,ST30,2
3159,41,17,781,-15,4184,219,200,110,3986,WA1,ST29,1
2804,186,26,295,157,2446,214,247,151,767,WA3,ST4,2
2546,40,25,67,16,765,213,177,86,1048,WA3,ST11,2
3067,51,6,42,0,4959,223,227,139,2097,WA1,ST23,2
3130,264,15,258,-16,2551,182,246,202,513,WA3,ST32,1
3052,39,10,1277,254,2893,221,217,130,1120,WA3,ST31,2
2897,47,12,553,99,2735,224,214,123,335,WA3,ST31,1
3107,59,15,85,17,5289,230,207,106,3071,WA1,ST22,1
2890,112,19,819,160,2971,249,216,87,1657,WA3,ST10,2
3184,38,13,330,56,1544,219,210,123,1931,WA3,ST23,2
3208,149,6,674,95,3339,227,240,146,3603,WA1,ST39,1
3163,299,26,210,149,742,137,219,217,2281,WA1,ST30,1
3155,137,16,787,95,2885,243,232,112,2839,WA3,ST32,2
3102,13,11,0,0,2920,209,217,144,2167,WA3,ST23,1
2622,51,18,309,81,466,226,198,100,1591,WA1,ST12,2
2976,335,5,0,0,2574,209,233,163,841,WA1,ST29,1
2739,4,18,150,45,1570,193,202,144,3150,WA1,ST30,2
3263,225,4,808,132,1924,214,243,166,2300,WA3,ST31,1
2975,90,9,330,49,5169,235,225,121,6432,WA1,ST12,1
2968,342,7,120,15,1973,206,230,162,1348,WA1,ST29,2
2968,300,9,685,-7,5442,195,237,182,1782,WA1,ST29,2
2930,325,15,67,16,3653,181,222,180,1381,WA1,ST29,2
2599,15,22,210,48,1544,195,189,125,1559,WA3,ST10,2
3158,310,11,150,22,4782,190,233,183,2585,WA1,ST29,2
2709,319,13,192,1,934,185,227,182,1374,WA1,ST23,2
2996,0,12,67,6,153,202,217,152,1613,WA3,ST22,1
2931,4,12,579,215,3018,204,218,150,1621,WA1,ST29,2
2868,46,34,127,35,1019,209,147,49,1650,WA3,ST24,2
2924,2,18,42,11,4179,193,203,146,485,WA1,ST29,2
3009,335,18,408,80,1129,178,213,174,661,WA3,ST32,2
2262,339,37,162,118,1146,118,161,166,1493,WA4,ST10,3
3260,220,12,255,39,3803,205,252,181,2638,WA1,ST23,1
3096,338,27,309,115,201,150,190,172,1422,WA3,ST24,1
3263,196,25,212,54,890,205,251,166,1036,WA1,ST22,1
2133,160,30,108,59,270,235,230,102,845,WA4,ST1,3
3375,127,12,180,7,4179,240,232,120,4039,WA1,ST39,7
2876,113,40,201,131,2143,251,167,3,589,WA3,ST13,5
2585,153,11,150,40,1840,233,241,138,1830,WA3,ST4,3
3178,163,6,30,2,3330,226,242,149,3216,WA1,ST23,1
2978,244,6,301,41,3884,208,245,175,2287,WA1,ST29,2
3016,301,18,170,55,2852,169,230,201,277,WA3,ST33,2
3109,197,11,30,-9,6302,217,250,166,2295,WA1,ST29,1
3267,125,13,228,-2,3031,241,230,116,741,WA1,ST23,1
2985,349,10,0,0,2342,202,223,160,1124,WA3,ST22,1
3301,33,11,446,76,1237,218,216,133,1790,WA2,ST38,1
2991,216,14,390,69,5560,205,253,181,3087,WA1,ST29,1
3133,55,14,60,-1,1641,228,210,112,592,WA3,ST31,1
2975,40,8,335,55,1830,221,222,135,1805,WA3,ST31,2
3096,0,14,108,20,2711,199,214,151,765,WA3,ST22,1
3204,256,21,524,138,5979,167,248,216,2125,WA1,ST30,2
2891,101,19,499,135,1632,248,211,83,942,WA3,ST32,2
3131,319,33,270,135,553,119,190,201,2151,WA1,ST30,2
3207,16,10,391,59,5532,211,219,143,2474,WA1,ST29,2
2840,104,15,390,37,2581,244,220,102,1637,WA1,ST29,2
2837,176,11,67,6,2084,226,246,152,2376,WA3,ST17,2
2701,23,8,134,16,1900,216,223,144,6672,WA1,ST12,1
2742,77,17,309,113,836,239,206,92,1018,WA3,ST33,2
3051,51,17,454,113,2139,226,202,104,1705,WA3,ST31,2
2958,357,18,295,98,2818,190,206,151,2512,WA1,ST29,2
3186,23,7,595,42,5798,216,225,145,808,WA1,ST29,1
2812,15,11,595,0,3331,210,216,142,2652,WA3,ST10,1
2964,290,11,212,43,1860,189,239,190,698,WA3,ST31,2
3078,355,3,633,35,721,215,234,157,792,WA2,ST23,2
2677,13,5,313,60,1369,215,229,151,1392,WA1,ST29,2
2889,280,32,285,98,1489,118,225,237,2553,WA3,ST33,2
2817,60,11,0,0,1290,229,216,119,2301,WA3,ST20,1
2811,35,10,0,0,1381,219,218,134,2486,WA1,ST29,1
2765,358,21,190,69,2754,183,196,147,2017,WA1,ST29,2
3249,22,16,648,131,3083,208,205,130,752,WA3,ST33,1
3255,88,17,424,142,1176,243,210,90,2037,WA1,ST29,2
2835,292,22,175,45,882,152,229,215,1811,WA3,ST13,1
2743,304,7,0,0,1994,201,237,175,768,WA3,ST31,5
2924,322,16,201,4,2773,179,223,183,2200,WA3,ST24,1
3182,328,10,598,89,2661,195,228,172,3753,WA1,ST30,1
3221,243,1,0,0,5893,216,239,160,1560,WA1,ST22,1
3018,145,11,324,87,2521,236,238,131,1300,WA3,ST34,2
3243,79,10,85,18,4310,233,223,121,2063,WA1,ST23,1
3071,37,5,0,0,4956,220,229,146,2147,WA1,ST23,2
3277,159,14,134,41,3799,234,242,135,3963,WA1,ST38,1
2946,169,4,170,10,4050,222,241,154,4890,WA1,ST12,2
3064,304,9,30,4,2621,196,236,179,1853,WA3,ST20,2
3104,299,12,108,-12,3805,187,236,189,1907,WA1,ST23,1
2886,165,21,210,40,2079,233,242,130,1430,WA3,ST13,2
2995,320,11,201,47,1996,191,229,178,1180,WA1,ST29,2
2759,338,11,120,48,2335,196,225,167,301,WA3,ST33,1
2451,82,22,30,14,1182,244,195,70,1041,WA3,ST3,3
3318,93,23,400,33,1608,249,199,67,2066,WA1,ST38,1
2679,80,18,342,79,1308,241,206,89,2347,WA1,ST30,2
2780,287,17,218,61,2538,169,236,207,60,WA3,ST33,2
2427,94,26,180,81,433,250,191,53,892,WA3,ST4,3
2939,19,9,272,45,4612,214,222,144,1716,WA1,ST29,2
3289,86,15,60,-14,4224,241,214,99,2316,WA1,ST38,1
2945,135,1,67,5,2058,220,238,154,361,WA3,ST32,1
2928,211,6,480,15,3636,216,245,166,4090,WA1,ST12,2
3005,5,14,85,11,1015,201,212,147,2605,WA3,ST22,1
2959,135,14,60,10,4293,241,233,117,5356,WA1,ST29,2
3213,342,15,85,6,4281,187,215,167,1290,WA3,ST22,1
3086,128,8,400,-42,6252,234,235,133,2716,WA1,ST20,2
3132,333,14,576,19,3748,188,222,172,3501,WA1,ST29,1
2625,105,15,313,88,931,244,221,103,488,WA1,ST30,2
2625,75,15,270,8,1103,237,212,103,1385,WA3,ST11,2
2968,129,16,212,52,2097,244,229,108,969,WA1,ST29,2
3239,65,5,509,204,2794,225,230,140,2977,WA3,ST31,1
2922,72,3,30,0,5144,223,233,146,3065,WA1,ST16,1
2360,45,9,443,205,1308,223,221,133,636,WA4,ST6,3
3078,126,18,255,64,3214,247,225,99,2032,WA3,ST33,2
2809,13,21,150,27,2391,194,191,128,1431,WA1,ST29,2
3038,32,4,484,93,2779,219,230,147,1712,WA3,ST32,1
2679,96,6,210,37,1608,231,231,133,6624,WA1,ST12,1
2524,25,15,272,76,1112,211,205,127,1055,WA3,ST4,3
3037,109,20,127,46,3699,250,213,83,2557,WA1,ST30,2
3109,141,16,150,24,4668,242,234,117,1224,WA1,ST30,1
2390,39,10,60,5,242,221,218,131,408,WA3,ST10,6
3238,262,11,443,-24,2791,192,246,192,309,WA3,ST32,1
3080,6,6,0,0,6953,212,227,153,2765,WA1,ST20,2
3274,76,25,417,40,3662,241,185,59,1650,WA1,ST39,7
3160,27,13,42,4,3001,214,212,131,3515,WA1,ST23,1
3185,138,6,0,0,3630,230,238,142,3097,WA1,ST23,1
3081,307,5,212,23,150,207,237,169,1902,WA2,ST23,1
2875,132,6,295,71,2763,231,237,139,1973,WA1,ST12,2
3206,201,3,655,22,1101,218,242,161,2103,WA3,ST32,2
3132,13,12,108,9,3120,208,216,143,3248,WA1,ST24,1
2361,167,15,182,59,1084,231,244,141,67,WA4,ST6,3
3041,64,16,424,86,2973,233,206,100,6352,WA1,ST29,1
3115,250,15,85,9,1883,186,250,200,404,WA3,ST32,2
2732,28,17,201,-22,2130,210,200,120,765,WA3,ST10,2
3252,154,16,664,136,2524,238,239,126,2577,WA3,ST33,1
2780,25,18,306,75,342,208,199,123,2509,WA1,ST24,2
3159,18,5,0,0,3443,216,229,150,4781,WA1,ST19,1
2692,28,11,361,6,771,216,215,134,999,WA1,ST12,2
3259,96,9,553,111,6031,235,227,123,2132,WA1,ST29,2
2755,117,21,170,69,3277,251,216,83,6031,WA1,ST30,5
2919,69,12,201,46,3400,233,215,113,4688,WA1,ST12,2
2399,255,19,120,48,420,173,248,211,765,WA3,ST3,3
3166,53,16,361,28,908,227,205,107,2121,WA2,ST23,1
3697,39,10,1159,288,5136,221,219,132,3439,WA3,ST40,7
3257,32,22,576,62,964,209,186,104,1626,WA2,ST33,1
3153,202,19,390,141,2197,207,253,174,1790,WA3,ST33,2
3215,249,6,552,65,5967,207,244,175,2555,WA1,ST29,1
2254,311,32,42,20,404,118,199,212,942,WA4,ST16,3
2984,78,10,170,31,819,233,222,120,2018,WA1,ST29,2
3207,303,8,218,43,1863,197,236,179,2240,WA3,ST32,1
3102,350,5,306,38,2278,210,231,159,2218,WA3,ST32,1
3201,257,4,492,26,3704,209,242,171,4243,WA1,ST29,1
2764,53,16,150,12,2601,227,203,105,4377,WA1,ST12,2
3313,67,15,272,23,3370,234,209,103,1788,WA1,ST29,1
2848,45,7,150,2,1980,222,225,138,2636,WA3,ST26,2
2583,333,8,0,0,1749,202,230,167,4585,WA1,ST30,2
3257,101,12,402,52,3151,241,223,110,4597,WA1,ST40,1
3004,314,18,190,32,2357,169,223,193,981,WA1,ST29,2
2923,145,8,60,-1,4477,231,239,141,4596,WA1,ST23,1
3173,122,9,90,2,4954,235,233,129,2313,WA1,ST29,1
2909,107,13,108,18,624,242,223,108,1718,WA3,ST33,2
2658,357,20,300,54,1597,184,199,149,4286,WA1,ST29,2
2833,108,22,67,33,2371,251,208,73,1648,WA3,ST13,2
3106,43,13,382,30,2678,222,212,122,2790,WA3,ST32,2
3430,183,14,495,35,2681,223,249,155,1729,WA3,ST32,1
2451,67,6,60,17,1214,227,228,135,875,WA4,ST10,2
3194,148,11,277,35,1973,234,239,135,1909,WA3,ST31,1
3125,179,10,127,5,2213,225,246,154,706,WA3,ST32,2
3293,174,7,1040,131,2407,225,244,153,2040,WA3,ST31,1
2998,176,11,450,140,5468,226,246,152,800,WA1,ST30,2
3226,263,4,360,13,6044,210,241,170,1116,WA1,ST22,1
3166,85,8,319,95,680,232,227,128,618,WA3,ST31,1
2734,336,13,270,9,1230,190,222,170,2012,WA1,ST12,2
2257,45,40,228,125,984,198,125,29,1518,WA4,ST10,3
2842,13,3,351,48,2100,216,233,154,1911,WA1,ST29,2
3211,223,11,60,3,1290,205,251,181,566,WA3,ST21,1
2892,16,16,510,126,2268,205,206,134,649,WA3,ST10,2
2950,358,16,242,92,871,193,209,152,1864,WA3,ST24,2
2785,21,15,201,56,3060,208,206,131,6243,WA1,ST12,2
3038,236,3,420,100,3164,213,242,166,1047,WA3,ST32,2
3199,194,16,323,113,3250,216,251,164,918,WA3,ST33,1
2804,14,12,30,6,3075,208,214,141,297,WA3,ST33,2
3027,8,22,731,158,2514,189,190,133,2193,WA3,ST24,2
3267,184,10,806,105,2300,223,247,157,1932,WA3,ST31,1
2938,238,15,127,39,4002,192,252,195,702,WA1,ST12,2
3022,94,11,108,6,3570,238,223,115,2010,WA1,ST29,2
3252,2,14,30,8,2016,200,213,149,1899,WA2,ST23,2
3147,317,12,800,279,808,188,230,181,1698,WA1,ST29,2
2505,142,27,313,130,339,247,221,84,1065,WA3,ST4,3
2551,103,5,582,25,960,229,233,138,3851,WA1,ST18,2
2438,230,11,0,0,1879,203,250,184,228,WA3,ST16,6
3012,69,9,124,23,2888,230,222,125,721,WA1,ST29,1
2526,310,33,150,60,516,115,198,214,1107,WA4,ST4,2
3052,159,16,711,224,4521,235,242,132,1572,WA3,ST33,2
2083,53,34,212,118,255,216,147,38,124,WA4,ST1,3
2956,297,8,0,0,1657,196,238,181,1521,WA3,ST19,5
2825,7,8,175,26,1124,211,225,151,2755,WA3,ST11,2
2621,180,26,60,-32,661,219,245,143,845,WA3,ST3,2
3011,92,8,960,85,5557,233,228,128,5941,WA1,ST29,2
3155,50,12,134,13,3144,225,214,121,4366,WA1,ST23,1
3271,102,18,313,95,1630,247,214,89,2703,WA1,ST30,1
2436,151,13,300,93,649,237,239,130,658,WA4,ST3,3
2567,47,10,162,37,1392,224,217,127,4710,WA1,ST18,2
2858,298,16,134,16,1405,175,233,198,1260,WA3,ST33,1
3266,34,7,255,35,424,219,224,141,1299,WA2,ST32,2
3330,97,16,150,27,3547,244,215,96,2643,WA3,ST39,7
3020,342,2,391,36,4156,216,236,158,1567,WA1,ST29,2
2884,79,16,127,27,4254,239,210,96,3452,WA1,ST29,2
2843,19,14,0,0,324,209,210,136,175,WA3,ST32,2
3242,108,13,30,-7,4013,242,224,109,1931,WA1,ST38,7
2935,208,5,391,4,1906,217,244,164,1142,WA3,ST23,2
3175,199,19,85,7,2994,210,253,170,5180,WA1,ST29,1
3220,103,3,0,0,3379,225,235,145,4097,WA1,ST19,1
1898,39,26,190,50,180,210,172,83,845,WA4,ST2,6
3005,22,5,0,0,3886,217,229,149,1273,WA1,ST19,2
2103,309,9,42,0,1015,195,234,179,684,WA4,ST10,6
2904,340,10,134,24,3479,198,225,166,4859,WA1,ST29,2
2975,5,6,67,12,2224,213,229,154,1044,WA3,ST22,1
3266,353,6,361,24,5861,210,230,158,808,WA1,ST22,1
3438,231,26,691,-28,3363,171,253,209,2597,WA1,ST39,1
3053,292,18,180,32,2893,168,234,205,2501,WA3,ST33,1
2916,35,12,134,20,4497,219,214,129,6035,WA1,ST12,2
2670,15,14,60,4,1242,207,210,138,1798,WA3,ST33,2
3012,353,6,0,0,3450,210,230,158,1939,WA1,ST29,1
3262,49,25,534,124,1292,221,178,78,5161,WA2,ST24,1
3321,65,11,480,45,979,230,218,120,2575,WA1,ST38,1
2995,315,7,67,1,750,202,235,172,1381,WA2,ST23,1
2996,27,16,210,44,1289,212,204,125,2372,WA1,ST29,1
3288,326,11,752,13,2197,193,228,175,830,WA3,ST32,1
3023,184,10,90,1,1422,222,247,157,661,WA3,ST31,2
3025,43,23,234,63,5091,218,184,90,2516,WA1,ST29,1
3013,281,15,313,68,1552,176,240,203,3274,WA1,ST22,1
3073,45,16,319,-3,3904,223,204,111,3663,WA1,ST29,1
2656,356,7,228,13,1256,209,227,157,5943,WA1,ST12,2
3396,301,38,108,42,2934,90,193,229,2278,WA1,ST39,1
3359,124,15,794,120,2881,244,228,108,2467,WA3,ST39,7
3052,295,29,379,126,2047,129,218,223,1530,WA3,ST33,2
3039,290,6,470,94,2787,202,239,176,1682,WA3,ST32,1
3085,168,11,90,14,309,229,244,146,782,WA3,ST31,2
3417,102,12,495,132,2098,239,225,114,1521,WA1,ST40,1
2487,307,18,258,24,90,167,226,198,573,WA4,ST10,3
3196,338,21,466,30,607,169,205,172,1832,WA2,ST33,1
3356,127,14,124,27,892,243,230,112,3952,WA2,ST32,2
2512,352,12,234,64,1230,199,219,158,942,WA3,ST10,3
3064,102,25,301,-48,571,252,199,59,1544,WA1,ST29,1
2511,326,25,192,83,828,149,203,189,1718,WA3,ST10,2
2915,90,11,395,-12,759,237,222,114,2372,WA1,ST23,2
3247,327,19,30,14,3024,170,215,183,2617,WA3,ST23,1
3175,249,24,150,49,497,161,249,220,2219,WA2,ST22,2
2354,318,27,67,32,108,140,204,199,382,WA4,ST10,3
3069,69,17,497,17,1812,236,204,94,2523,WA1,ST29,2
2460,23,26,150,68,589,196,176,105,1092,WA4,ST10,3
3287,73,18,331,58,474,238,203,91,741,WA2,ST24,2
2631,215,10,424,92,1571,210,250,174,1945,WA3,ST4,3
3379,99,15,192,22,2447,244,218,99,1095,WA3,ST39,7
2768,327,16,0,0,3886,178,220,181,5579,WA1,ST30,2
2428,56,24,67,9,612,228,182,74,648,WA3,ST10,2
3268,151,13,201,35,1865,236,240,131,1550,WA1,ST29,2
2890,322,15,30,10,5341,180,223,183,4273,WA1,ST24,2
2442,139,31,108,63,450,248,213,69,1199,WA4,ST4,3
3128,41,4,85,5,2546,220,230,146,1121,WA1,ST23,2
2523,229,15,285,37,914,197,253,191,1065,WA3,ST2,3
3334,3,5,601,39,845,214,231,155,1524,WA3,ST32,7
2876,80,16,108,19,4224,240,210,95,3451,WA1,ST29,2
2768,23,10,0,0,3092,214,218,139,4918,WA1,ST20,2
3254,286,26,914,156,3674,139,229,225,2271,WA3,ST31,1
2415,174,20,190,45,1140,227,246,141,1638,WA3,ST2,3
2881,48,15,134,26,3320,224,207,114,2372,WA1,ST23,1
2970,229,21,95,10,1359,183,254,202,2666,WA3,ST22,1
3060,117,6,90,-14,942,231,234,136,1180,WA3,ST23,1
2159,332,25,67,19,1410,153,198,180,752,WA4,ST10,3
2515,150,10,0,0,2293,233,240,137,808,WA3,ST10,6
3452,101,12,607,57,2584,240,224,112,1602,WA3,ST38,1
3188,16,11,760,171,1872,211,217,142,2424,WA3,ST31,1
2613,167,33,60,34,1765,226,231,109,1249,WA3,ST4,3
3055,92,9,210,-8,990,234,227,124,914,WA1,ST29,1
2962,258,14,503,64,5759,186,248,200,5984,WA1,ST29,2
2649,347,21,30,8,892,175,202,161,1847,WA1,ST29,2
2983,300,5,0,0,2714,205,238,172,891,WA1,ST23,1
3173,285,10,391,-40,3248,192,240,188,1107,WA1,ST29,2
3203,53,25,150,-3,1761,224,177,72,2347,WA3,ST33,1
2991,119,7,67,11,1015,233,234,133,1570,WA3,ST23,2
3141,246,10,201,29,1591,199,248,187,2368,WA3,ST32,1
3095,278,15,42,7,3064,177,241,0,1416,WA3,ST23,2
2668,9,17,390,73,1276,199,205,140,1813,WA1,ST30,2
2854,235,18,319,57,2131,186,253,201,2017,WA3,ST33,2
2772,66,17,90,19,2806,234,203,95,6401,WA1,ST12,2
2839,44,14,0,0,616,222,210,119,366,WA3,ST23,2
3083,11,16,713,170,4351,202,206,139,4039,WA1,ST23,1
3145,126,11,418,71,240,239,233,123,1776,WA3,ST23,2
2851,9,6,420,50,2128,214,228,152,2041,WA1,ST29,2
3471,316,22,30,24,1651,158,216,196,1984,WA2,ST39,7
2969,29,26,454,181,4362,201,175,98,785,WA1,ST29,2
3231,57,7,466,28,1765,225,226,136,1230,WA3,ST31,1
3206,252,7,234,22,700,205,245,178,1657,WA3,ST31,1
2962,23,12,30,3,4941,213,215,137,6049,WA1,ST12,2
3304,63,8,180,1,5529,228,223,128,841,WA1,ST38,1
2978,90,5,295,26,4586,228,231,137,5650,WA1,ST12,2
2926,253,5,85,7,5125,209,243,173,3945,WA1,ST29,2
2875,62,13,90,6,1869,230,214,114,2079,WA3,ST32,2
3592,115,29,967,307,2516,254,198,51,1173,WA1,ST40,1
2860,42,19,120,17,134,219,194,103,1718,WA1,ST30,1
